player_id,name,position,causal_war,trad_war,rank_causal,rank_trad,rank_diff,pa,pa_total,ip_total,ci_low,ci_high,war_source,sparse
592450,Aaron Judge,batter,12.34,8.52781386165401,1,1,0,1188,1226.0,,,,season_batting_stats.war,False
660271,Shohei Ohtani,batter,12.13,7.791728342240769,2,2,0,1367,1406.0,132.0,,,season_batting_stats.war,False
665742,Juan Soto,batter,11.26,6.707959577772352,3,7,4,1458,1485.0,,,,season_batting_stats.war,False
670541,Yordan Álvarez,batter,8.98,4.89804725494449,4,20,16,1154,1188.0,,,,season_batting_stats.war,False
518692,Freddie Freeman,batter,8.15,5.693756068625102,5,16,11,1400,1435.0,,,,season_batting_stats.war,False
605141,Mookie Betts,batter,7.68,6.783286934649503,6,5,-1,1277,1296.0,,,,season_batting_stats.war,False
542303,Marcell Ozuna,batter,7.15,3.9153952276532866,7,37,30,1293,1303.0,,,,season_batting_stats.war,False
608369,Corey Seager,batter,6.99,6.2723716612384175,8,10,2,1117,1151.0,,,,season_batting_stats.war,False
660670,Ronald Acuña,batter,6.77,6.489979171494378,9,8,-1,962,974.0,,,,season_batting_stats.war,False
547180,Bryce Harper,batter,6.69,4.138062450960219,10,33,23,1225,1249.0,,,,season_batting_stats.war,False
621566,Matt Olson,batter,6.35,5.756615314116845,11,13,2,1406,1430.0,,,,season_batting_stats.war,False
677951,Bobby Witt,batter,6.23,7.0332726498583815,12,4,-8,1413,1430.0,,,,season_batting_stats.war,False
665489,Vladimir Guerrero,batter,5.68,3.911112688180339,13,39,26,1360,1384.0,,,,season_batting_stats.war,False
606466,Ketel Marte,batter,5.43,5.710952807490418,14,15,1,1289,1312.0,,,,season_batting_stats.war,False
663656,Kyle Tucker,batter,5.31,5.217858008963689,15,18,3,1048,1069.0,,,,season_batting_stats.war,False
683002,Gunnar Henderson,batter,5.2,7.522795364074819,16,3,-13,1351,1363.0,,,,season_batting_stats.war,False
656941,Kyle Schwarber,batter,4.97,1.916673382563937,17,155,138,1471,1488.0,,,,season_batting_stats.war,False
650490,Yandy Díaz,batter,4.91,3.3265419915209367,18,62,44,1220,1229.0,,,,season_batting_stats.war,False
667670,Brent Rooker,batter,4.69,3.9074036159013446,19,40,21,1132,1140.0,,,,season_batting_stats.war,False
646240,Rafael Devers,batter,4.47,3.7002871177223122,20,47,27,1225,1254.0,,,,season_batting_stats.war,False
661388,William Contreras,batter,4.35,4.358879620345627,21,27,6,1294,1312.0,,,,season_batting_stats.war,False
514888,José Altuve,batter,4.13,3.0617810484640087,22,74,52,1147,1151.0,,,,season_batting_stats.war,False
673548,Seiya Suzuki,batter,4.04,3.350308242930125,23,61,38,1160,1168.0,,,,season_batting_stats.war,False
592885,Christian Yelich,batter,3.99,3.108683366386868,24,71,47,940,957.0,,,,season_batting_stats.war,False
680776,Jarren Duran,batter,3.92,6.743217412906765,25,6,-19,1092,1094.0,,,,season_batting_stats.war,False
663586,Austin Riley,batter,3.77,4.809900100979578,26,21,-5,1189,1201.0,,,,season_batting_stats.war,False
682998,Corbin Carroll,batter,3.65,4.307164273536536,27,28,1,1379,1407.0,,,,season_batting_stats.war,False
641355,Cody Bellinger,batter,3.31,3.4703822366926405,28,54,26,1110,1125.0,,,,season_batting_stats.war,False
607208,Trea Turner,batter,3.14,3.2096159469147434,29,66,37,1295,1302.0,,,,season_batting_stats.war,False
596019,Francisco Lindor,batter,3.06,6.481244699016566,30,9,-21,1424,1438.0,,,,season_batting_stats.war,False
575929,Willson Contreras,batter,3.05,3.2082883336200245,31,67,36,844,853.0,,,,season_batting_stats.war,False
624413,Pete Alonso,batter,3.0,2.8530687424073737,32,87,55,1388,1411.0,,,,season_batting_stats.war,False
608070,José Ramírez,batter,2.97,5.873959212212304,33,12,-21,1366,1417.0,,,,season_batting_stats.war,False
665487,Fernando Tatís,batter,2.96,4.13531283476303,34,34,0,1098,1103.0,,,,season_batting_stats.war,False
677594,Julio Rodríguez,batter,2.84,4.914091962930756,35,19,-16,1308,1327.0,,,,season_batting_stats.war,False
682985,Riley Greene,batter,2.79,3.9121630679740127,36,38,2,1016,1031.0,,,,season_batting_stats.war,False
608324,Alex Bregman,batter,2.78,4.466197825994593,37,25,-12,1404,1415.0,,,,season_batting_stats.war,False
606192,Teoscar Hernández,batter,2.73,3.2495502292216463,38,63,25,1385,1401.0,,,,season_batting_stats.war,False
624585,Jorge Soler,batter,2.73,1.2709231174909152,38,223,185,1156,1170.0,,,,season_batting_stats.war,False
592626,Joc Pederson,batter,2.69,1.7696567290298453,40,168,128,856,874.0,,,,season_batting_stats.war,False
670623,Isaac Paredes,batter,2.68,3.427647460484114,41,55,14,1212,1220.0,,,,season_batting_stats.war,False
681481,Kerry Carpenter,batter,2.54,2.0744644451141356,42,140,98,762,775.0,,,,season_batting_stats.war,False
607043,Brandon Nimmo,batter,2.48,3.0598432320997873,43,75,32,1388,1403.0,,,,season_batting_stats.war,False
572233,Christian Walker,batter,2.45,3.2171428544180736,44,65,21,1268,1288.0,,,,season_batting_stats.war,False
670242,Matt Wallner,batter,2.35,2.1500000953674316,45,138,93,526,527.0,1.100000023841858,,,season_batting_stats.war,False
671213,Triston Casas,batter,2.29,1.7154178175964767,46,176,130,733,742.0,,,,season_batting_stats.war,False
668227,Randy Arozarena,batter,2.25,2.579190892299623,47,101,54,1303,1310.0,,,,season_batting_stats.war,False
571970,Max Muncy,batter,2.25,2.9164985023462435,47,83,36,933,951.0,,,,season_batting_stats.war,False
650333,Luis Arráez,batter,2.24,2.707801322351737,49,90,41,1303,1328.0,,,,season_batting_stats.war,False
502110,J. D. Martinez,batter,2.23,1.2335148320634766,50,227,177,999,1010.0,,,,season_batting_stats.war,False
668804,Bryan Reynolds,batter,2.2,3.029789789302929,51,78,27,1319,1332.0,,,,season_batting_stats.war,False
673237,Yainer Diaz,batter,2.15,3.136886012109183,52,69,17,1011,1018.0,,,,season_batting_stats.war,False
666134,Nolan Jones,batter,2.13,2.1815256426800635,53,134,81,711,721.0,,,,season_batting_stats.war,False
621043,Carlos Correa,batter,2.13,2.200648884326373,53,131,78,954,971.0,,,,season_batting_stats.war,False
668715,Spencer Steer,batter,2.12,2.1847009312285337,55,133,78,1310,1321.0,,,,season_batting_stats.war,False
545361,Mike Trout,batter,2.1,2.424590220216845,56,114,58,481,488.0,,,,season_batting_stats.war,False
663993,Nathaniel Lowe,batter,2.07,2.943967724266865,57,80,23,1347,1361.0,,,,season_batting_stats.war,False
543760,Marcus Semien,batter,1.92,6.2220475457210505,58,11,-47,1536,1553.0,,,,season_batting_stats.war,False
680574,Matt McLain,batter,1.91,3.569999933242798,59,50,-9,402,403.0,,,,season_batting_stats.war,False
807799,Masataka Yoshida,batter,1.91,1.4736509584974022,59,207,148,993,997.0,,,,season_batting_stats.war,False
502671,Paul Goldschmidt,batter,1.91,2.382885860916752,59,118,59,1326,1341.0,,,,season_batting_stats.war,False
647304,Josh Naylor,batter,1.86,1.7997182060977925,62,166,104,1143,1171.0,,,,season_batting_stats.war,False
457759,Justin Turner,batter,1.86,1.7853904868400148,62,167,105,1157,1165.0,,,,season_batting_stats.war,False
669016,Brandon Marsh,batter,1.84,3.1798603693961147,64,68,4,993,1003.0,,,,season_batting_stats.war,False
701538,Jackson Merrill,batter,1.76,4.460000038146973,65,26,-39,614,620.0,,,,season_batting_stats.war,False
664774,LaMonte Wade,batter,1.75,2.4813042923160222,66,108,42,901,920.0,,,,season_batting_stats.war,False
664023,Ian Happ,batter,1.74,3.7252077327637716,67,46,-21,1338,1348.0,,,,season_batting_stats.war,False
666969,Adolis García,batter,1.74,2.685706804248051,67,92,25,1330,1337.0,,,,season_batting_stats.war,False
670042,Luke Raley,batter,1.7,2.9425203935886786,69,81,12,854,861.0,2.200000047683716,,,season_batting_stats.war,False
656305,Matt Chapman,batter,1.7,5.754757344144062,69,14,-55,1220,1236.0,,,,season_batting_stats.war,False
545341,Randal Grichuk,batter,1.67,1.6513200469017029,71,184,113,747,750.0,,,,season_batting_stats.war,False
680977,Brendan Donovan,batter,1.64,2.4299804522261708,72,113,41,1013,1023.0,,,,season_batting_stats.war,False
592518,Manny Machado,batter,1.64,2.8868317562829025,72,85,13,1253,1272.0,,,,season_batting_stats.war,False
663457,Lars Nootbaar,batter,1.64,2.5106608068102783,72,106,34,896,908.0,,,,season_batting_stats.war,False
669394,Jake Burger,batter,1.62,1.6221225674050739,75,187,112,1123,1126.0,,,,season_batting_stats.war,False
680757,Steven Kwan,batter,1.62,3.543170027126762,75,51,-24,1291,1306.0,,,,season_batting_stats.war,False
592206,Nick Castellanos,batter,1.61,1.029614026585675,77,250,173,1387,1399.0,,,,season_batting_stats.war,False
474832,Brandon Belt,batter,1.5,1.9700000286102295,78,149,71,407,412.0,,,,season_batting_stats.war,False
670770,TJ Friedl,batter,1.44,2.422920786816141,79,115,36,880,897.0,,,,season_batting_stats.war,False
668904,Royce Lewis,batter,1.43,1.4460170021501637,80,211,131,587,590.0,,,,season_batting_stats.war,False
671739,Michael Harris,batter,1.37,3.3775728216449035,81,60,-21,1021,1030.0,,,,season_batting_stats.war,False
645302,Víctor Robles,batter,1.34,2.1602374631336354,82,136,54,406,421.0,,,,season_batting_stats.war,False
457705,Andrew McCutchen,batter,1.29,1.1345850009667247,83,239,156,979,988.0,,,,season_batting_stats.war,False
656811,Ryan O'Hearn,batter,1.28,1.527057479441851,84,196,112,864,870.0,,,,season_batting_stats.war,False
623993,Anthony Santander,batter,1.28,2.8694932984879404,84,86,2,1330,1342.0,,,,season_batting_stats.war,False
641933,Tyler O'Neill,batter,1.27,1.9252102489063827,86,153,67,728,737.0,,,,season_batting_stats.war,False
673962,Josh Jung,batter,1.27,2.1503362794434424,86,137,51,764,773.0,,,,season_batting_stats.war,False
673357,Luis Robert,batter,1.24,3.618333488702774,88,49,-39,1002,1020.0,,,,season_batting_stats.war,False
694192,Jackson Chourio,batter,1.23,3.859999895095825,89,42,-47,579,585.0,,,,season_batting_stats.war,False
650402,Gleyber Torres,batter,1.23,2.377069735255723,89,119,30,1395,1406.0,,,,season_batting_stats.war,False
641487,J. P. Crawford,batter,1.22,4.153939451834168,91,32,-59,1075,1089.0,,,,season_batting_stats.war,False
677551,Wander Franco,batter,1.22,5.360000133514404,91,17,-74,483,491.0,,,,season_batting_stats.war,False
663697,Jonathan India,batter,1.2,1.4930617131458956,93,203,110,1156,1166.0,,,,season_batting_stats.war,False
669221,Sean Murphy,batter,1.18,2.993749976158142,94,79,-15,705,712.0,,,,season_batting_stats.war,False
669257,Will Smith,batter,1.17,3.7668255071437104,95,44,-51,1154,1175.0,,,,season_batting_stats.war,False
663538,Nico Hoerner,batter,1.15,4.630413869343995,96,22,-74,1321,1329.0,,,,season_batting_stats.war,False
681807,David Fry,batter,1.13,1.1491791187827267,97,237,140,531,536.0,5.0,,,season_batting_stats.war,False
453568,Charlie Blackmon,batter,1.13,0.9075657786768779,97,260,163,898,912.0,,,,season_batting_stats.war,False
666149,Tyler Fitzgerald,batter,1.1,2.50698667550087,99,107,8,373,375.0,3.0,,,season_batting_stats.war,False
621439,Byron Buxton,batter,1.08,2.222989080068858,100,125,25,728,736.0,,,,season_batting_stats.war,False
668901,Mark Vientos,batter,1.07,1.804590551005114,101,165,64,744,745.0,,,,season_batting_stats.war,False
642715,Willy Adames,batter,1.06,3.066017891641535,102,72,-30,1338,1346.0,,,,season_batting_stats.war,False
592663,J.T. Realmuto,batter,1.05,3.2484818198421674,103,64,-39,1011,1021.0,,,,season_batting_stats.war,False
663886,Tyler Stephenson,batter,1.04,1.4782171030492746,104,206,102,1022,1032.0,,,,season_batting_stats.war,False
595777,Jurickson Profar,batter,1.01,1.5251108726322797,105,197,92,1207,1217.0,,,,season_batting_stats.war,False
596146,Max Kepler,batter,1.0,1.985492315868841,106,148,42,907,914.0,,,,season_batting_stats.war,False
664761,Alec Bohm,batter,1.0,1.5757632346539483,106,190,84,1275,1284.0,,,,season_batting_stats.war,False
657041,Lane Thomas,batter,0.98,1.9046528124371624,108,159,51,1247,1253.0,1.0,,,season_batting_stats.war,False
656448,Stone Garrett,batter,0.95,1.8646931177011896,109,164,55,276,277.0,,,,season_batting_stats.war,False
621493,Taylor Ward,batter,0.94,2.047789190020134,110,142,32,1063,1072.0,,,,season_batting_stats.war,False
645277,Ozzie Albies,batter,0.93,3.646821445971727,111,48,-63,1110,1120.0,,,,season_batting_stats.war,False
680777,Ryan Jeffers,batter,0.92,2.568942867825996,112,103,-9,817,823.0,,,,season_batting_stats.war,False
672515,Gabriel Moreno,batter,0.92,3.5162921032209074,112,52,-60,787,801.0,,,,season_batting_stats.war,False
682829,Elly De La Cruz,batter,0.92,3.510365120768016,112,53,-59,1112,1123.0,,,,season_batting_stats.war,False
527038,Wilmer Flores,batter,0.89,1.5464943022220985,115,194,79,688,696.0,,,,season_batting_stats.war,False
671056,Iván Herrera,batter,0.87,1.559438926551995,116,193,77,302,303.0,,,,season_batting_stats.war,False
677800,Wilyer Abreu,batter,0.86,3.122579968245016,117,70,-47,528,531.0,,,,season_batting_stats.war,False
650859,Luis Rengifo,batter,0.85,1.8994125976104126,118,161,43,739,749.0,,,,season_batting_stats.war,False
664040,Brandon Lowe,batter,0.84,2.203147426853335,119,129,10,856,861.0,,,,season_batting_stats.war,False
669364,Xavier Edwards,batter,0.84,1.6774741377604683,119,180,61,382,388.0,,,,season_batting_stats.war,False
608701,Rob Refsnyder,batter,0.82,0.7085714214123212,121,291,170,543,546.0,,,,season_batting_stats.war,False
666971,Lourdes Gurriel,batter,0.76,2.4630618064001264,122,109,-13,1198,1215.0,,,,season_batting_stats.war,False
456781,Donovan Solano,batter,0.75,1.3411068960303871,123,221,98,782,786.0,,,,season_batting_stats.war,False
695578,James Wood,batter,0.73,1.0700000524520874,124,246,122,334,336.0,,,,season_batting_stats.war,False
669003,Garrett Mitchell,batter,0.72,1.7049999499557824,125,177,52,295,302.0,,,,season_batting_stats.war,False
676801,Chas McCormick,batter,0.71,1.9602638981587654,126,150,24,756,758.0,,,,season_batting_stats.war,False
694497,Evan Carter,batter,0.7,1.12339806788176,127,241,114,303,309.0,,,,season_batting_stats.war,False
687462,Spencer Horwitz,batter,0.69,1.0482464316896918,128,248,120,423,422.0,,,,season_batting_stats.war,False
578428,Jose Iglesias,batter,0.67,3.0399999618530273,129,77,-52,336,337.0,,,,season_batting_stats.war,False
673490,Ha-Seong Kim,batter,0.67,4.213540145950596,129,29,-100,1070,1096.0,,,,season_batting_stats.war,False
676059,Jordan Westburg,batter,0.65,1.9040895986419193,131,160,29,691,692.0,,,,season_batting_stats.war,False
593428,Xander Bogaerts,batter,0.64,2.912669040508039,132,84,-48,1142,1154.0,,,,season_batting_stats.war,False
671218,Heliot Ramos,batter,0.61,2.0101037813305442,133,144,11,572,578.0,,,,season_batting_stats.war,False
665862,Jazz Chisholm,batter,0.58,2.20213424731723,134,130,-4,1055,1073.0,,,,season_batting_stats.war,False
592192,Mark Canha,batter,0.57,1.3627607657865513,135,220,85,963,978.0,,,,season_batting_stats.war,False
665833,Oneil Cruz,batter,0.57,2.4085132484331564,135,117,-18,624,639.0,,,,season_batting_stats.war,False
666139,Josh Lowe,batter,0.56,2.3715565998236516,137,120,-17,885,893.0,,,,season_batting_stats.war,False
643565,Mike Tauchman,batter,0.56,1.7313049537999017,137,174,37,748,751.0,,,,season_batting_stats.war,False
660821,Jesús Sánchez,batter,0.52,1.2083262780965385,139,230,91,936,944.0,,,,season_batting_stats.war,False
571448,Nolan Arenado,batter,0.48,2.4497033402550765,140,110,-30,1233,1247.0,,,,season_batting_stats.war,False
641857,Ryan McMahon,batter,0.48,2.6256132019015976,140,95,-45,1253,1272.0,,,,season_batting_stats.war,False
663624,Ryan Mountcastle,batter,0.47,2.2143529776704227,142,127,-15,987,997.0,,,,season_batting_stats.war,False
666397,Edouard Julien,batter,0.46,1.453529360539773,143,209,66,729,731.0,,,,season_batting_stats.war,False
669720,Austin Hays,batter,0.46,1.6686038193526302,143,182,39,828,838.0,,,,season_batting_stats.war,False
642215,Weston Wilson,batter,0.46,0.5777235993040286,143,314,171,122,123.0,1.0,,,season_batting_stats.war,False
553993,Eugenio Suárez,batter,0.45,2.707046508074164,146,91,-55,1325,1334.0,,,,season_batting_stats.war,False
542932,Jon Berti,batter,0.43,1.9166667262713115,147,156,9,506,516.0,,,,season_batting_stats.war,False
573262,Mike Yastrzemski,batter,0.39,2.22814034579093,148,124,-24,843,855.0,1.0,,,season_batting_stats.war,False
600869,Jeimer Candelario,batter,0.36,1.4997978783548738,149,198,49,1030,1039.0,,,,season_batting_stats.war,False
666182,Bo Bichette,batter,0.35,2.9402222209506563,150,82,-68,929,945.0,,,,season_batting_stats.war,False
519317,Giancarlo Stanton,batter,0.35,0.11276710065256836,150,396,246,920,936.0,,,,season_batting_stats.war,False
656976,Pavin Smith,batter,0.33,-0.2569017474837507,152,478,326,395,397.0,1.0,,,season_batting_stats.war,False
608385,Jesse Winker,batter,0.33,1.2164004952401044,152,229,77,730,739.0,,,,season_batting_stats.war,False
641598,Mitch Garver,batter,0.32,1.0216546568581812,154,251,97,826,834.0,,,,season_batting_stats.war,False
678009,Parker Meadows,batter,0.32,1.7605719509518754,154,170,16,469,472.0,,,,season_batting_stats.war,False
656248,Sean Bouchard,batter,0.31,-0.22549667066296206,156,472,316,150,151.0,,,,season_batting_stats.war,False
680118,Dairon Blanco,batter,0.25,0.6826666722695033,157,297,140,267,270.0,,,,season_batting_stats.war,False
687263,Zach Neto,batter,0.22,3.823157837516383,158,43,-115,924,931.0,,,,season_batting_stats.war,False
668939,Adley Rutschman,batter,0.22,3.7536702733514566,158,45,-113,1331,1346.0,,,,season_batting_stats.war,False
608596,Tom Murphy,batter,0.22,0.8997969778661196,158,261,103,196,197.0,,,,season_batting_stats.war,False
656582,Connor Joe,batter,0.22,0.691261257674243,158,294,136,884,888.0,,,,season_batting_stats.war,False
663616,Trevor Larnach,batter,0.22,0.8500653343896071,158,270,112,604,612.0,,,,season_batting_stats.war,False
518792,Jason Heyward,batter,0.2,1.5841395228408104,163,189,26,641,645.0,,,,season_batting_stats.war,False
656541,Sam Hilliard,batter,0.2,0.35050847356097176,163,344,181,229,236.0,,,,season_batting_stats.war,False
641584,Jake Fraley,batter,0.2,0.5493438439419264,163,320,157,752,762.0,,,,season_batting_stats.war,False
664983,Jake McCarthy,batter,0.2,1.1683271237022372,163,236,73,786,807.0,,,,season_batting_stats.war,False
679529,Spencer Torkelson,batter,0.2,0.7113223011828651,163,288,125,1077,1089.0,,,,season_batting_stats.war,False
683737,Michael Busch,batter,0.19,2.429999925196171,168,112,-56,646,648.0,,,,season_batting_stats.war,False
605137,Josh Bell,batter,0.18,-0.1982084756674615,169,464,295,1209,1228.0,,,,season_batting_stats.war,False
694671,Wyatt Langford,batter,0.16,4.190000057220459,170,30,-140,551,557.0,,,,season_batting_stats.war,False
666181,Will Benson,batter,0.15,-0.009316641250248567,171,418,247,712,717.0,,,,season_batting_stats.war,False
521692,Salvador Pérez,batter,0.15,1.6764439065587264,171,181,10,1234,1257.0,,,,season_batting_stats.war,False
668709,JJ Bleday,batter,0.14,1.4117778557160543,173,216,43,941,945.0,,,,season_batting_stats.war,False
502054,Tommy Pham,batter,0.14,0.7031953607303116,173,292,119,1029,1039.0,,,,season_batting_stats.war,False
676946,Matthew Batten,batter,0.13,0.3338732429530839,175,346,171,141,142.0,,,,season_batting_stats.war,False
671732,Lawrence Butler,batter,0.13,2.1737758943746828,175,135,-40,578,580.0,,,,season_batting_stats.war,False
676116,Ryan Noda,batter,0.13,1.6781188659738786,175,179,4,603,606.0,,,,season_batting_stats.war,False
624424,Michael Conforto,batter,0.13,1.0643214755118018,175,247,72,946,958.0,,,,season_batting_stats.war,False
650489,Willi Castro,batter,0.11,2.001583483509024,179,146,-33,1054,1061.0,3.1999998092651367,,,season_batting_stats.war,False
677008,Heston Kjerstad,batter,0.1,0.3046979826668765,180,355,175,147,149.0,,,,season_batting_stats.war,False
621466,DJ Stewart,batter,0.1,-0.218654336589622,180,469,289,377,379.0,,,,season_batting_stats.war,False
694384,Nolan Schanuel,batter,0.1,1.0081597062505792,180,253,73,733,739.0,,,,season_batting_stats.war,False
676369,Nelson Velázquez,batter,0.09,0.2546210189903278,183,361,178,409,409.0,,,,season_batting_stats.war,False
691176,Jasson Domínguez,batter,0.09,0.04249999843537808,183,409,226,99,100.0,,,,season_batting_stats.war,False
691023,Jordan Walker,batter,0.08,-0.3093157025694291,185,491,306,637,643.0,,,,season_batting_stats.war,False
681351,Logan O'Hoppe,batter,0.07,2.0897088082256663,186,139,-47,716,721.0,,,,season_batting_stats.war,False
596142,Gary Sánchez,batter,0.07,1.1453430102297546,186,238,52,554,554.0,,,,season_batting_stats.war,False
664770,Nathan Lukes,batter,0.07,0.8903278295011794,186,263,77,119,122.0,,,,season_batting_stats.war,False
458015,Joey Votto,batter,0.07,-0.12999999523162842,186,448,262,242,242.0,,,,season_batting_stats.war,False
623912,Harold Ramírez,batter,0.05,1.2684011438774854,190,224,34,679,688.0,,,,season_batting_stats.war,False
666165,Blake Sabol,batter,0.04,0.15994764934659628,191,381,190,377,382.0,,,,season_batting_stats.war,False
641505,Jonathan Davis,batter,0.04,-0.03999999910593033,191,426,235,102,104.0,,,,season_batting_stats.war,False
605361,Nick Martini,batter,0.04,-0.1739256316103226,191,456,265,242,242.0,,,,season_batting_stats.war,False
592325,Ben Gamel,batter,0.02,0.13605262966532455,194,385,191,113,114.0,,,,season_batting_stats.war,False
681146,Jonah Bride,batter,0.02,0.5058200985350937,194,326,132,376,378.0,,,,season_batting_stats.war,False
602104,Ramón Urías,batter,0.01,1.575495761109479,196,191,-5,701,706.0,,,,season_batting_stats.war,False
687799,Cade Marlowe,batter,0.01,0.9749540758891664,196,256,60,109,109.0,,,,season_batting_stats.war,False
467793,Carlos Santana,batter,0.0,2.572225912893267,198,102,-96,1211,1222.0,,,,season_batting_stats.war,False
686469,Vinnie Pasquantino,batter,-0.01,0.8952380559362826,199,262,63,831,840.0,,,,season_batting_stats.war,False
672640,Otto Lopez,batter,-0.02,2.809999942779541,200,88,-112,432,434.0,,,,season_batting_stats.war,False
676391,Ernie Clement,batter,-0.02,3.0592856624769786,200,76,-124,500,504.0,2.0,,,season_batting_stats.war,False
669134,Luis Campusano,batter,-0.03,-0.029915424658430556,202,423,221,470,473.0,,,,season_batting_stats.war,False
658668,Edward Olivares,batter,-0.03,-0.06698796099208924,202,434,232,577,581.0,,,,season_batting_stats.war,False
669743,Alex Call,batter,-0.03,1.1262137453625167,202,240,38,545,552.0,,,,season_batting_stats.war,False
643376,Danny Jansen,batter,-0.04,1.1207729670160635,205,242,37,620,621.0,,,,season_batting_stats.war,False
678877,Jhonkensy Noel,batter,-0.05,0.949999988079071,206,257,51,222,222.0,,,,season_batting_stats.war,False
609280,Miguel Andújar,batter,-0.06,0.29938874781714675,207,356,149,409,409.0,,,,season_batting_stats.war,False
663698,Joey Bart,batter,-0.06,1.532307738413545,207,195,-12,375,377.0,,,,season_batting_stats.war,False
667472,Dane Myers,batter,-0.06,0.21640447284398454,207,369,162,178,178.0,,,,season_batting_stats.war,False
682928,CJ Abrams,batter,-0.07,3.390592091569775,210,58,-152,1201,1216.0,,,,season_batting_stats.war,False
669261,Jack Suwinski,batter,-0.07,0.8052650227058683,210,277,67,799,811.0,,,,season_batting_stats.war,False
663837,Matt Vierling,batter,-0.07,2.1968141277279476,210,132,-78,1114,1130.0,,,,season_batting_stats.war,False
663845,Alfonso Rivas,batter,-0.11,0.3100000023841858,213,353,140,121,123.0,,,,season_batting_stats.war,False
605170,Víctor Caratini,batter,-0.13,1.0075196776333757,214,254,40,506,508.0,,,,season_batting_stats.war,False
656180,Riley Adams,batter,-0.14,0.6592361382726166,215,301,86,285,288.0,,,,season_batting_stats.war,False
681546,James Outman,batter,-0.15,2.60115231064612,216,99,-117,720,729.0,,,,season_batting_stats.war,False
443558,Nelson Cruz,batter,-0.16,-0.36000001430511475,217,499,282,147,152.0,,,,season_batting_stats.war,False
666023,Freddy Fermin,batter,-0.16,2.541525776508831,217,105,-112,599,603.0,,,,season_batting_stats.war,False
680700,Richie Palacios,batter,-0.17,1.4949760434159822,219,200,-19,414,418.0,,,,season_batting_stats.war,False
666018,Jonathan Aranda,batter,-0.17,0.48789473270115097,219,327,108,245,247.0,,,,season_batting_stats.war,False
624641,Edmundo Sosa,batter,-0.18,1.3900344986340096,221,217,-4,576,580.0,,,,season_batting_stats.war,False
666135,Alex Kirilloff,batter,-0.18,0.11559054337617919,221,395,174,504,508.0,,,,season_batting_stats.war,False
657656,Ramón Laureano,batter,-0.18,1.49413311597213,221,202,-19,716,721.0,,,,season_batting_stats.war,False
605204,J. D. Davis,batter,-0.18,0.6108392460078298,221,304,83,698,703.0,,,,season_batting_stats.war,False
681393,Connor Norby,batter,-0.19,0.3100000023841858,225,353,128,194,194.0,,,,season_batting_stats.war,False
671277,Luis García,batter,-0.19,1.4532475734701251,225,210,-15,999,1010.0,,,,season_batting_stats.war,False
700932,Kyle Manzardo,batter,-0.2,-0.019999999552965164,227,419,192,175,175.0,,,,season_batting_stats.war,False
660766,Juan Yepez,batter,-0.2,0.2967515866847555,227,357,130,311,314.0,,,,season_batting_stats.war,False
649966,Luis Urías,batter,-0.21,0.03629369945167662,229,410,181,282,286.0,,,,season_batting_stats.war,False
663630,Ryan McKenna,batter,-0.21,0.47006492660223664,229,331,102,151,154.0,1.0,,,season_batting_stats.war,False
596059,Rougned Odor,batter,-0.21,-0.3199999928474426,229,493,264,157,157.0,,,,season_batting_stats.war,False
668832,Kyle McCann,batter,-0.22,0.17000000178813934,232,378,146,156,157.0,,,,season_batting_stats.war,False
542583,Jesús Aguilar,batter,-0.23,-0.6000000238418579,233,540,307,109,115.0,,,,season_batting_stats.war,False
665953,Andrés Chaparro,batter,-0.23,-0.07000000029802322,233,435,202,132,132.0,,,,season_batting_stats.war,False
808982,Jung Hoo Lee,batter,-0.25,0.11999999731779099,235,392,157,157,158.0,,,,season_batting_stats.war,False
650907,René Pinto,batter,-0.25,0.19515723664805573,235,372,137,158,159.0,1.0,,,season_batting_stats.war,False
660162,Yoán Moncada,batter,-0.26,0.5885820842500943,237,311,74,393,402.0,,,,season_batting_stats.war,False
663898,Brendan Rodgers,batter,-0.26,0.7162380209536624,237,287,50,726,731.0,,,,season_batting_stats.war,False
677870,Leo Jimenez,batter,-0.27,0.8799999952316284,239,267,28,210,206.0,,,,season_batting_stats.war,False
669701,Josh Smith,batter,-0.27,2.792038822058335,239,89,-150,816,824.0,,,,season_batting_stats.war,False
669357,Nolan Gorman,batter,-0.27,1.4880137949424859,239,204,-35,856,866.0,,,,season_batting_stats.war,False
666464,Jerar Encarnacion,batter,-0.28,0.09000000357627869,242,403,161,118,119.0,,,,season_batting_stats.war,False
669304,José Miranda,batter,-0.29,1.1850774963218045,243,235,-8,575,581.0,,,,season_batting_stats.war,False
686611,Dylan Crews,batter,-0.29,0.5799999833106995,243,313,70,131,132.0,,,,season_batting_stats.war,False
621020,Dansby Swanson,batter,-0.29,4.576750677063831,243,23,-220,1222,1231.0,,,,season_batting_stats.war,False
596129,Dan Vogelbach,batter,-0.29,0.093040202692825,243,402,159,392,398.0,,,,season_batting_stats.war,False
543333,Eric Hosmer,batter,-0.29,-0.4300000071525574,243,511,268,95,100.0,,,,season_batting_stats.war,False
691406,Junior Caminero,batter,-0.29,0.5998139768838883,243,307,64,212,215.0,,,,season_batting_stats.war,False
681297,Colton Cowser,batter,-0.3,2.414558075195135,249,116,-133,642,645.0,,,,season_batting_stats.war,False
681624,Andy Pages,batter,-0.3,1.2000000476837158,249,233,-16,460,463.0,,,,season_batting_stats.war,False
805779,Jacob Wilson,batter,-0.32,-0.18000000715255737,251,458,207,102,103.0,,,,season_batting_stats.war,False
408234,Miguel Cabrera,batter,-0.32,-0.30000001192092896,251,487,236,365,370.0,,,,season_batting_stats.war,False
677942,Blaze Alexander,batter,-0.33,0.019999999552965164,253,415,162,184,185.0,,,,season_batting_stats.war,False
663728,Cal Raleigh,batter,-0.33,4.036298956588197,253,36,-217,1180,1197.0,,,,season_batting_stats.war,False
641856,Billy McKinney,batter,-0.33,0.14480000615119934,253,384,131,174,175.0,,,,season_batting_stats.war,False
663609,Luken Baker,batter,-0.34,-0.3539189196921684,256,498,242,148,148.0,,,,season_batting_stats.war,False
677595,Ronny Mauricio,batter,-0.35,0.1599999964237213,257,380,123,108,108.0,,,,season_batting_stats.war,False
606132,Raimel Tapia,batter,-0.35,-0.12999999523162842,257,448,191,166,169.0,,,,season_batting_stats.war,False
682868,Bryan Ramos,batter,-0.36,-0.1899999976158142,259,461,202,108,108.0,,,,season_batting_stats.war,False
672695,Geraldo Perdomo,batter,-0.36,2.618308665132422,259,97,-162,912,946.0,,,,season_batting_stats.war,False
645801,Mike Ford,batter,-0.36,0.5368370520421111,259,323,64,312,313.0,2.0,,,season_batting_stats.war,False
664059,Sam Haggerty,batter,-0.36,0.20032258860526547,259,370,111,123,124.0,,,,season_batting_stats.war,False
553869,Elías Díaz,batter,-0.36,1.3897266610608285,259,218,-41,861,878.0,,,,season_batting_stats.war,False
668885,Austin Martin,batter,-0.37,-0.9800000190734863,264,557,293,255,257.0,,,,season_batting_stats.war,False
641511,Jason Delay,batter,-0.37,-0.038009709579128664,264,425,161,202,206.0,,,,season_batting_stats.war,False
676632,Bligh Madris,batter,-0.37,0.0614285660641534,264,406,142,105,105.0,1.0,,,season_batting_stats.war,False
682617,Marco Luciano,batter,-0.38,-0.21571428328752518,267,468,201,126,126.0,,,,season_batting_stats.war,False
657136,Connor Wong,batter,-0.38,1.95017980029074,267,151,-116,880,890.0,,,,season_batting_stats.war,False
676480,José Barrero,batter,-0.4,-0.5299999713897705,269,526,257,144,149.0,,,,season_batting_stats.war,False
622110,Matt Duffy,batter,-0.4,0.18228311203930475,269,374,105,219,219.0,2.0,,,season_batting_stats.war,False
687529,Grant McCray,batter,-0.4,-0.03999999910593033,269,426,157,130,130.0,,,,season_batting_stats.war,False
687952,Christian Encarnacion-Strand,batter,-0.4,-0.053489005991390774,269,432,163,363,364.0,,,,season_batting_stats.war,False
543309,Kyle Higashioka,batter,-0.4,0.6028440337662303,269,305,36,543,545.0,,,,season_batting_stats.war,False
669234,Justyn-Henry Malloy,batter,-0.4,-0.49000000953674316,269,522,253,241,241.0,,,,season_batting_stats.war,False
621550,Patrick Wisdom,batter,-0.41,0.1519747869808133,275,383,108,469,476.0,0.10000000149011612,,,season_batting_stats.war,False
620443,Luis Torrens,batter,-0.41,0.5509316670413343,275,319,44,161,161.0,0.10000000149011612,,,season_batting_stats.war,False
542208,Carlos Pérez,batter,-0.42,0.44999998807907104,277,335,58,188,189.0,1.2000000476837158,,,season_batting_stats.war,False
664058,David Fletcher,batter,-0.42,0.05830188548930411,277,408,131,103,106.0,,,,season_batting_stats.war,False
676475,Alec Burleson,batter,-0.43,0.6174840742995025,279,303,24,938,942.0,1.2000000476837158,,,season_batting_stats.war,False
683734,Andrew Vaughn,batter,-0.44,0.568444062308129,280,317,37,1228,1234.0,,,,season_batting_stats.war,False
666158,Gavin Lux,batter,-0.44,2.009999990463257,280,145,-135,527,530.0,,,,season_batting_stats.war,False
694359,Niko Kavadas,batter,-0.45,-0.23000000417232513,282,473,191,106,106.0,,,,season_batting_stats.war,False
677649,Ezequiel Duran,batter,-0.45,0.7360359188683784,282,283,1,721,724.0,,,,season_batting_stats.war,False
595453,Chad Wallach,batter,-0.46,0.12999999523162842,284,388,104,165,172.0,,,,season_batting_stats.war,False
542364,Rafael Ortega,batter,-0.46,0.17111111018392774,284,377,93,151,153.0,,,,season_batting_stats.war,False
572816,Corey Dickerson,batter,-0.46,-0.6100000143051147,284,541,257,149,152.0,,,,season_batting_stats.war,False
622569,Pablo Reyes,batter,-0.46,0.13012049248419613,284,387,103,247,249.0,3.0,,,season_batting_stats.war,False
594777,Kole Calhoun,batter,-0.47,0.009999999776482582,288,416,128,174,174.0,,,,season_batting_stats.war,False
656555,Rhys Hoskins,batter,-0.48,-0.10999999940395355,289,442,153,526,527.0,,,,season_batting_stats.war,False
543807,George Springer,batter,-0.48,1.4941903372407417,289,201,-88,1295,1303.0,,,,season_batting_stats.war,False
669242,Tommy Edman,batter,-0.48,1.7258822988061344,289,175,-114,735,748.0,,,,season_batting_stats.war,False
664238,Dylan Moore,batter,-0.49,1.6598019151404353,292,183,-109,603,606.0,,,,season_batting_stats.war,False
642336,Francisco Mejía,batter,-0.49,0.12999999523162842,292,388,96,159,160.0,,,,season_batting_stats.war,False
665161,Jeremy Peña,batter,-0.49,3.8894602544661585,292,41,-251,1312,1334.0,,,,season_batting_stats.war,False
686554,Oliver Dunn,batter,-0.49,0.2199999988079071,292,368,76,103,104.0,,,,season_batting_stats.war,False
687401,Joey Ortiz,batter,-0.49,2.6375539031268347,292,94,-198,550,556.0,,,,season_batting_stats.war,False
596103,Austin Slater,batter,-0.5,0.24168646080760095,297,363,66,421,421.0,,,,season_batting_stats.war,False
695391,Brett Harris,batter,-0.51,-0.49000000953674316,298,522,224,123,123.0,,,,season_batting_stats.war,False
669707,Jared Triolo,batter,-0.54,1.60102287539999,299,188,-111,654,655.0,,,,season_batting_stats.war,False
621545,Zach Remillard,batter,-0.55,0.11939698674870496,300,394,94,192,199.0,,,,season_batting_stats.war,False
666624,Christopher Morel,batter,-0.55,0.2656250216066837,300,360,60,1031,1040.0,,,,season_batting_stats.war,False
678662,Ezequiel Tovar,batter,-0.56,3.06358775473733,302,73,-229,1289,1310.0,,,,season_batting_stats.war,False
641943,Joshua Palacios,batter,-0.56,-0.18894737181172036,302,460,158,336,342.0,,,,season_batting_stats.war,False
571657,Kyle Farmer,batter,-0.56,0.8808780313507328,302,266,-36,610,615.0,4.0,,,season_batting_stats.war,False
630105,Jake Cronenworth,batter,-0.56,1.4240149530092083,302,214,-88,1185,1203.0,,,,season_batting_stats.war,False
518595,Travis d'Arnaud,batter,-0.57,0.6852631828179669,306,296,-10,637,646.0,,,,season_batting_stats.war,False
596847,Ji Man Choi,batter,-0.57,-0.4099999964237213,306,507,201,117,117.0,,,,season_batting_stats.war,False
677588,José Tena,batter,-0.57,0.08267327228395066,306,404,98,200,202.0,,,,season_batting_stats.war,False
664314,Estevan Florial,batter,-0.58,0.06879120952562316,309,405,96,181,182.0,,,,season_batting_stats.war,False
686780,Pedro Pagés,batter,-0.58,0.8399999737739563,309,271,-38,215,218.0,,,,season_batting_stats.war,False
676914,Davis Schneider,batter,-0.59,0.326824336363053,311,350,39,593,592.0,,,,season_batting_stats.war,False
656537,Derek Hill,batter,-0.59,-0.007837839760221876,311,417,106,220,222.0,,,,season_batting_stats.war,False
672284,Jarred Kelenic,batter,-0.59,1.24795370095038,311,226,-85,850,865.0,,,,season_batting_stats.war,False
543305,Aaron Hicks,batter,-0.6,0.33199997490102595,314,347,33,380,385.0,1.0,,,season_batting_stats.war,False
656413,Stuart Fairchild,batter,-0.6,0.6969262226561054,314,293,-21,480,488.0,,,,season_batting_stats.war,False
596115,Trevor Story,batter,-0.61,0.7900000214576721,316,281,-35,272,274.0,,,,season_batting_stats.war,False
683021,Michael Stefanic,batter,-0.61,-0.10533333571675496,316,441,125,194,195.0,1.0,,,season_batting_stats.war,False
518626,Josh Donaldson,batter,-0.61,0.10999999940395355,316,399,83,193,197.0,1.0,,,season_batting_stats.war,False
643446,Jeff McNeil,batter,-0.61,2.054739645699537,316,141,-175,1119,1133.0,,,,season_batting_stats.war,False
543068,C. J. Cron,batter,-0.61,-0.44999998807907104,316,516,200,269,278.0,,,,season_batting_stats.war,False
643289,Mauricio Dubón,batter,-0.61,1.9068665005556542,316,157,-159,940,951.0,,,,season_batting_stats.war,False
628451,Andy Ibáñez,batter,-0.62,1.643144685517317,322,186,-136,633,636.0,,,,season_batting_stats.war,False
682657,Angel Martínez,batter,-0.62,0.05999999865889549,322,407,85,169,170.0,,,,season_batting_stats.war,False
641432,Willie Calhoun,batter,-0.62,-0.20260545404318248,322,466,144,401,403.0,,,,season_batting_stats.war,False
682626,Francisco Álvarez,batter,-0.62,0.8829310294148958,322,264,-58,809,812.0,,,,season_batting_stats.war,False
607732,Jacob Stallings,batter,-0.63,0.4565473939950223,326,334,8,546,559.0,8.0,,,season_batting_stats.war,False
665839,Enmanuel Valdez,batter,-0.64,-0.32370969028242175,327,495,168,369,372.0,,,,season_batting_stats.war,False
446334,Evan Longoria,batter,-0.64,0.41999998688697815,327,337,10,282,291.0,,,,season_batting_stats.war,False
650391,Eloy Jiménez,batter,-0.64,-0.023902169631033924,327,421,94,823,838.0,,,,season_batting_stats.war,False
543281,Josh Harrison,batter,-0.64,-0.6299999952316284,327,544,217,114,114.0,1.2000000476837158,,,season_batting_stats.war,False
519058,Mike Moustakas,batter,-0.65,-0.09000000357627869,331,439,108,381,386.0,,,,season_batting_stats.war,False
681082,Bryson Stott,batter,-0.65,3.394760855506448,331,57,-274,1265,1275.0,,,,season_batting_stats.war,False
642851,Austin Wynns,batter,-0.66,-0.07090909056591266,333,436,103,161,165.0,,,,season_batting_stats.war,False
572287,Mike Zunino,batter,-0.66,-0.5600000023841858,333,534,201,132,140.0,,,,season_batting_stats.war,False
621438,Tyrone Taylor,batter,-0.66,1.372109389398247,333,219,-114,638,640.0,,,,season_batting_stats.war,False
640492,José Azocar,batter,-0.67,-0.12458563233772035,336,447,111,173,181.0,,,,season_batting_stats.war,False
682177,Daniel Schneemann,batter,-0.67,0.7099999785423279,336,289,-47,228,228.0,,,,season_batting_stats.war,False
641658,Garrett Hampson,batter,-0.67,0.8025409753938191,336,278,-58,480,488.0,1.0,,,season_batting_stats.war,False
666152,David Hamilton,batter,-0.67,2.4479999917073987,336,111,-225,356,355.0,,,,season_batting_stats.war,False
672761,Wenceel Pérez,batter,-0.68,0.5899999737739563,340,310,-30,438,445.0,,,,season_batting_stats.war,False
679845,Nick Loftin,batter,-0.68,0.3210460314815513,340,351,11,238,239.0,1.0,,,season_batting_stats.war,False
605119,Brian Anderson,batter,-0.68,0.46153005338757414,340,333,-7,362,366.0,,,,season_batting_stats.war,False
656775,Cedric Mullins,batter,-0.68,2.561582665526732,340,104,-236,961,973.0,,,,season_batting_stats.war,False
592178,Kris Bryant,batter,-0.69,-0.9130612508374818,344,556,212,479,490.0,,,,season_batting_stats.war,False
572761,Matt Carpenter,batter,-0.69,-0.23639594052497506,344,475,131,386,394.0,,,,season_batting_stats.war,False
664954,Brett Sullivan,batter,-0.69,0.02009708692943587,344,414,70,103,103.0,,,,season_batting_stats.war,False
444482,David Peralta,batter,-0.69,0.7750499279965007,344,282,-62,691,701.0,,,,season_batting_stats.war,False
672779,Tucupita Marcano,batter,-0.69,-0.28999999165534973,344,482,138,217,220.0,,,,season_batting_stats.war,False
572204,Trayce Thompson,batter,-0.7,-0.6700000166893005,349,546,197,179,179.0,,,,season_batting_stats.war,False
642708,Amed Rosario,batter,-0.7,0.249719414638416,349,362,13,880,891.0,,,,season_batting_stats.war,False
700250,Ben Rice,batter,-0.7,-0.4099999964237213,349,507,158,178,178.0,,,,season_batting_stats.war,False
621028,Kevin Newman,batter,-0.71,1.033687966882337,352,249,-103,555,564.0,,,,season_batting_stats.war,False
592669,Hunter Renfroe,batter,-0.71,-0.22421267333084333,352,470,118,970,978.0,,,,season_batting_stats.war,False
541645,Avisaíl García,batter,-0.71,-0.4802366985371832,352,520,168,159,169.0,,,,season_batting_stats.war,False
681460,Brooks Baldwin,batter,-0.72,-0.019999999552965164,355,419,64,120,121.0,,,,season_batting_stats.war,False
700242,Trey Sweeney,batter,-0.72,0.6600000262260437,355,299,-56,145,145.0,,,,season_batting_stats.war,False
663853,Romy Gonzalez,batter,-0.72,0.572057886234817,355,315,-40,310,311.0,,,,season_batting_stats.war,False
621035,Chris Taylor,batter,-0.72,0.8379172904568098,355,272,-83,647,653.0,,,,season_batting_stats.war,False
624414,Christian Arroyo,batter,-0.74,-0.1899999976158142,359,461,102,199,206.0,,,,season_batting_stats.war,False
462101,Elvis Andrus,batter,-0.75,0.6600000262260437,360,299,-61,394,406.0,,,,season_batting_stats.war,False
690993,Colt Keith,batter,-0.75,1.0199999809265137,360,252,-108,576,580.0,,,,season_batting_stats.war,False
693304,Nick Gonzales,batter,-0.75,0.6892038984206116,360,295,-65,510,515.0,,,,season_batting_stats.war,False
669222,Nick Senzel,batter,-0.75,-0.6240200815563226,360,543,183,593,597.0,,,,season_batting_stats.war,False
644374,Yu Chang,batter,-0.76,0.11999999731779099,364,392,28,109,112.0,,,,season_batting_stats.war,False
665019,Kody Clemens,batter,-0.76,0.10652014755067371,364,400,36,273,273.0,3.200000047683716,,,season_batting_stats.war,False
572138,Jon Singleton,batter,-0.77,0.020525290982268664,366,413,47,512,514.0,,,,season_batting_stats.war,False
669224,Austin Wells,batter,-0.77,2.2153308328364374,366,126,-240,542,544.0,,,,season_batting_stats.war,False
594807,Adam Duvall,batter,-0.78,0.1543338415737906,368,382,14,676,683.0,,,,season_batting_stats.war,False
678554,Curtis Mead,batter,-0.79,-0.052857160568237305,369,431,62,231,231.0,,,,season_batting_stats.war,False
666176,Jo Adell,batter,-0.79,0.7356140543842873,369,284,-85,509,513.0,,,,season_batting_stats.war,False
642086,Dominic Smith,batter,-0.79,0.5909070453303058,369,309,-60,887,893.0,3.0,,,season_batting_stats.war,False
666906,Jake Alu,batter,-0.79,-0.10999999940395355,369,442,73,174,175.0,,,,season_batting_stats.war,False
543685,Anthony Rendon,batter,-0.8,0.358741099116638,373,342,-31,416,421.0,,,,season_batting_stats.war,False
672386,Alejandro Kirk,batter,-0.8,1.9047303638037514,373,158,-215,806,816.0,,,,season_batting_stats.war,False
519203,Anthony Rizzo,batter,-0.8,0.35105515743116683,373,343,-30,826,834.0,,,,season_batting_stats.war,False
663757,Trent Grisham,batter,-0.83,1.414280066159383,376,215,-161,749,764.0,,,,season_batting_stats.war,False
571976,Wil Myers,batter,-0.83,-0.550000011920929,376,530,154,134,141.0,,,,season_batting_stats.war,False
641820,Trey Mancini,batter,-0.83,-1.1200000047683716,376,561,185,257,263.0,,,,season_batting_stats.war,False
678894,Liover Peguero,batter,-0.84,-0.5562331679490115,379,532,153,220,223.0,,,,season_batting_stats.war,False
687231,Darell Hernaiz,batter,-0.84,-0.7900000214576721,379,549,170,134,135.0,,,,season_batting_stats.war,False
669369,Bryce Johnson,batter,-0.84,-0.2644628084395543,379,480,101,118,121.0,,,,season_batting_stats.war,False
665877,José Fermín,batter,-0.86,-0.2962857226175921,382,484,102,138,140.0,,,,season_batting_stats.war,False
655316,Andruw Monasterio,batter,-0.87,0.8328384146029252,383,274,-109,458,458.0,,,,season_batting_stats.war,False
672478,Jordan Diaz,batter,-0.87,-1.2100000381469727,383,566,183,292,293.0,,,,season_batting_stats.war,False
682848,Endy Rodríguez,batter,-0.87,0.20000000298023224,383,371,-12,204,204.0,,,,season_batting_stats.war,False
680718,Addison Barger,batter,-0.87,0.3400000035762787,383,345,-38,223,222.0,,,,season_batting_stats.war,False
681584,David Villar,batter,-0.89,-0.29638417711281506,387,485,98,176,177.0,1.0,,,season_batting_stats.war,False
570731,Jonathan Schoop,batter,-0.89,-0.3700000047683716,387,502,115,148,151.0,1.100000023841858,,,season_batting_stats.war,False
668472,Nick Pratto,batter,-0.9,-1.340000033378601,389,570,181,345,345.0,1.0,,,season_batting_stats.war,False
672724,Oswald Peraza,batter,-0.9,-0.4316831762801007,389,512,123,202,202.0,,,,season_batting_stats.war,False
663550,Trey Cabbage,batter,-0.9,-0.206190478234064,389,467,78,147,147.0,,,,season_batting_stats.war,False
608841,Joey Meneses,batter,-0.92,0.22923712539918645,392,365,-27,963,970.0,,,,season_batting_stats.war,False
677592,Everson Pereira,batter,-0.92,-0.6100000143051147,392,541,149,103,103.0,,,,season_batting_stats.war,False
647351,Abraham Toro,batter,-0.92,0.592000013589859,392,308,-84,382,385.0,,,,season_batting_stats.war,False
677347,Kyren Paris,batter,-0.93,-0.17666667423077992,395,457,62,103,105.0,,,,season_batting_stats.war,False
608336,Joey Gallo,batter,-0.94,0.38020270569501696,396,340,-56,588,592.0,,,,season_batting_stats.war,False
593160,Whit Merrifield,batter,-0.94,0.530516678489448,396,324,-72,917,929.0,,,,season_batting_stats.war,False
624415,Cavan Biggio,batter,-0.95,0.40207017283690605,398,338,-60,567,570.0,,,,season_batting_stats.war,False
670223,Matt Mervis,batter,-0.96,-0.4144094476080316,399,510,111,125,127.0,0.20000000298023224,,,season_batting_stats.war,False
675656,Kevin Smith,batter,-0.96,-0.3199999928474426,399,493,94,141,146.0,,,,season_batting_stats.war,False
682641,Luis Matos,batter,-0.97,-0.29371638504975,401,483,82,405,409.0,,,,season_batting_stats.war,False
543228,Yan Gomes,batter,-0.97,1.4841553539905734,401,205,-196,509,515.0,,,,season_batting_stats.war,False
678882,Ceddanne Rafaela,batter,-0.98,2.622770134569394,403,96,-307,657,657.0,,,,season_batting_stats.war,False
671221,Drew Waters,batter,-0.98,0.5863764090201912,403,312,-91,355,356.0,,,,season_batting_stats.war,False
666801,Rodolfo Castro,batter,-0.98,-0.4399999976158142,403,514,111,253,256.0,,,,season_batting_stats.war,False
686527,Dominic Canzone,batter,-0.98,0.03227027147202879,403,411,8,368,370.0,,,,season_batting_stats.war,False
663662,Daz Cameron,batter,-0.98,-0.47999998927116394,403,518,115,186,186.0,,,,season_batting_stats.war,False
694388,Joey Loperfido,batter,-0.99,0.4399999976158142,408,336,-72,261,262.0,,,,season_batting_stats.war,False
680911,Owen Miller,batter,-0.99,0.22140762507041528,408,367,-41,338,341.0,2.0,,,season_batting_stats.war,False
643265,Garrett Cooper,batter,-0.99,-0.37527051900901925,408,504,96,565,573.0,,,,season_batting_stats.war,False
686681,Michael Massey,batter,-0.99,0.7099643956223888,408,290,-118,833,842.0,,,,season_batting_stats.war,False
572041,AJ Pollock,batter,-1.0,-0.7099999785423279,412,547,135,144,144.0,,,,season_batting_stats.war,False
660757,Oscar González,batter,-1.01,-1.409999966621399,413,572,159,174,180.0,,,,season_batting_stats.war,False
665804,Miguel Amaya,batter,-1.02,1.4630636211075534,414,208,-206,511,519.0,,,,season_batting_stats.war,False
608671,Travis Jankowski,batter,-1.03,1.0789286025932856,415,245,-170,499,504.0,,,,season_batting_stats.war,False
687363,Victor Scott,batter,-1.03,-0.47999998927116394,415,518,103,155,155.0,,,,season_batting_stats.war,False
696285,Jacob Young,batter,-1.03,2.2942056489696383,415,121,-294,626,642.0,,,,season_batting_stats.war,False
642136,Matt Thaiss,batter,-1.04,0.46281947488717085,418,332,-86,492,493.0,,,,season_batting_stats.war,False
493329,Yuli Gurriel,batter,-1.04,-0.5094510728675596,418,525,107,412,419.0,,,,season_batting_stats.war,False
691026,Masyn Winn,batter,-1.04,4.089935525674228,418,35,-383,765,774.0,,,,season_batting_stats.war,False
571912,Luke Maile,batter,-1.04,0.3164872310992341,418,352,-66,350,353.0,7.300000190734863,,,season_batting_stats.war,False
666310,Bo Naylor,batter,-1.04,0.9462870827145212,418,258,-160,635,641.0,,,,season_batting_stats.war,False
702616,Jackson Holliday,batter,-1.04,-0.03999999910593033,418,426,8,208,208.0,,,,season_batting_stats.war,False
666160,Mickey Moniak,batter,-1.05,0.8812820789141532,424,265,-159,735,741.0,,,,season_batting_stats.war,False
687597,Jordan Beck,batter,-1.06,-0.8700000047683716,425,552,127,183,184.0,,,,season_batting_stats.war,False
663611,Nick Madrigal,batter,-1.07,0.8732989384341485,426,269,-157,380,388.0,,,,season_batting_stats.war,False
543510,James McCann,batter,-1.07,0.6013665888418086,426,306,-120,455,461.0,2.0,,,season_batting_stats.war,False
686797,Brooks Lee,batter,-1.07,-0.15000000596046448,426,452,26,182,185.0,,,,season_batting_stats.war,False
665506,Cristian Pache,batter,-1.08,0.11083334358409047,429,398,-31,285,288.0,,,,season_batting_stats.war,False
687093,Vaughn Grissom,batter,-1.08,-0.36507691259567554,429,500,71,195,195.0,,,,season_batting_stats.war,False
543257,Robbie Grossman,batter,-1.09,-0.024452553939645308,431,422,-9,679,685.0,,,,season_batting_stats.war,False
605612,Harold Castro,batter,-1.09,-1.3799999952316284,431,571,140,260,270.0,2.0,,,season_batting_stats.war,False
645444,José Herrera,batter,-1.09,-0.19831932329831004,431,465,34,226,238.0,2.0,,,season_batting_stats.war,False
624512,Reese McGuire,batter,-1.09,-0.10164835222147323,431,440,9,358,364.0,,,,season_batting_stats.war,False
669127,Shea Langeliers,batter,-1.1,1.892968711676076,435,162,-273,1016,1024.0,,,,season_batting_stats.war,False
691016,Tyler Soderstrom,batter,-1.11,-0.15905982790849146,436,453,17,350,351.0,,,,season_batting_stats.war,False
518735,Yasmani Grandal,batter,-1.11,-0.11749997735023499,436,445,9,636,648.0,,,,season_batting_stats.war,False
669911,Michael Toglia,batter,-1.12,1.207901563019049,438,231,-207,608,610.0,,,,season_batting_stats.war,False
595281,Kevin Kiermaier,batter,-1.13,2.638464820350773,439,93,-346,677,697.0,,,,season_batting_stats.war,False
665923,Esteury Ruiz,batter,-1.13,-0.3068683384470244,439,490,51,552,562.0,,,,season_batting_stats.war,False
543592,Austin Nola,batter,-1.13,-0.550000011920929,439,530,91,142,154.0,,,,season_batting_stats.war,False
665120,Jared Walsh,batter,-1.14,-0.6340908924625679,442,545,103,176,176.0,,,,season_batting_stats.war,False
516782,Starling Marte,batter,-1.14,0.02902087234641491,442,412,-30,749,766.0,,,,season_batting_stats.war,False
676356,Jonny DeLuca,batter,-1.14,0.5401474151037249,442,322,-120,404,407.0,,,,season_batting_stats.war,False
500743,Miguel Rojas,batter,-1.15,2.2512740964594955,445,123,-322,764,777.0,4.0,,,season_batting_stats.war,False
682622,Noelvi Marte,batter,-1.15,-0.9073150486162264,445,555,110,365,365.0,,,,season_batting_stats.war,False
686217,Sal Frelick,batter,-1.15,1.872398992560833,445,163,-282,762,767.0,,,,season_batting_stats.war,False
598265,Jackie Bradley,batter,-1.18,-0.3700000047683716,448,502,54,111,113.0,,,,season_batting_stats.war,False
680869,Zack Gelof,batter,-1.18,1.7673199586350352,448,169,-279,841,847.0,,,,season_batting_stats.war,False
593871,Jorge Polanco,batter,-1.18,1.5630071238572387,448,192,-256,833,838.0,,,,season_batting_stats.war,False
666915,Bobby Dalbec,batter,-1.18,-0.5321232735702436,448,527,79,145,146.0,,,,season_batting_stats.war,False
592200,Curt Casali,batter,-1.19,0.17746605808378885,452,376,-76,216,221.0,,,,season_batting_stats.war,False
642180,Tyler Wade,batter,-1.19,-0.5635545195843936,452,536,84,206,211.0,,,,season_batting_stats.war,False
657077,Alex Verdugo,batter,-1.19,1.7407584209941718,452,173,-279,1264,1279.0,,,,season_batting_stats.war,False
608348,Carson Kelly,batter,-1.21,0.37331896024788247,455,341,-114,462,464.0,2.200000047683716,,,season_batting_stats.war,False
686894,Joey Wiemer,batter,-1.24,0.8303196125378892,456,275,-181,438,438.0,,,,season_batting_stats.war,False
665155,Nick Maton,batter,-1.25,-1.2703690899648523,457,569,112,292,298.0,,,,season_batting_stats.war,False
696100,Hunter Goodman,batter,-1.26,-0.7979069587796234,458,550,92,301,301.0,,,,season_batting_stats.war,False
691718,Pete Crow-Armstrong,batter,-1.26,2.211934668252935,458,128,-330,417,429.0,,,,season_batting_stats.war,False
571466,Tucker Barnhart,batter,-1.26,-0.16123288624907192,458,454,-4,216,219.0,5.0,,,season_batting_stats.war,False
675961,Alika Williams,batter,-1.26,-0.19461538241459772,458,463,5,202,208.0,,,,season_batting_stats.war,False
677950,Alek Thomas,batter,-1.26,0.8345921753595272,458,273,-185,554,564.0,,,,season_batting_stats.war,False
500871,Eduardo Escobar,batter,-1.26,-1.0399999618530273,458,559,101,297,309.0,3.200000047683716,,,season_batting_stats.war,False
668800,Andrew Knizner,batter,-1.27,0.4876646779611439,464,328,-136,331,334.0,3.0,,,season_batting_stats.war,False
663527,Tyler Nevin,batter,-1.27,-0.3056041068160442,464,489,25,386,389.0,,,,season_batting_stats.war,False
660707,Elehuris Montero,batter,-1.27,-0.8533574053042632,464,551,87,543,554.0,,,,season_batting_stats.war,False
641645,Luis Guillorme,batter,-1.27,0.10491856791879921,464,401,-63,301,307.0,4.0,,,season_batting_stats.war,False
670156,Miles Mastrobuoni,batter,-1.28,0.2832941214243571,468,358,-110,248,255.0,0.10000000149011612,,,season_batting_stats.war,False
670097,Zack Short,batter,-1.28,0.33032257230051104,468,348,-120,333,341.0,6.0,,,season_batting_stats.war,False
682073,David Hensley,batter,-1.29,-0.5664473587745115,470,537,67,146,152.0,2.0,,,season_batting_stats.war,False
663647,Ke'Bryan Hayes,batter,-1.3,2.595798103351158,471,100,-371,910,921.0,,,,season_batting_stats.war,False
702358,Trey Lipscomb,batter,-1.31,-0.17000000178813934,472,455,-17,209,211.0,,,,season_batting_stats.war,False
680474,Max Schuemann,batter,-1.32,0.8100000023841858,473,276,-197,454,459.0,,,,season_batting_stats.war,False
570482,Gio Urshela,batter,-1.34,0.6495251760208349,474,302,-172,687,695.0,,,,season_batting_stats.war,False
656896,Emmanuel Rivera,batter,-1.36,-0.050960269368050114,475,430,-45,603,604.0,4.0,,,season_batting_stats.war,False
686823,Will Brennan,batter,-1.36,0.12189024323370398,475,390,-85,813,820.0,,,,season_batting_stats.war,False
664034,Ty France,batter,-1.37,0.1901666820049286,477,373,-104,1190,1200.0,,,,season_batting_stats.war,False
669065,Kyle Stowers,batter,-1.37,-0.41227273507551715,477,509,32,241,242.0,,,,season_batting_stats.war,False
664901,Danny Mendick,batter,-1.37,-0.4874285808631352,477,521,44,209,210.0,3.0,,,season_batting_stats.war,False
592273,Brandon Drury,batter,-1.37,0.32696493268688026,477,349,-128,875,883.0,,,,season_batting_stats.war,False
641343,Jake Bauers,batter,-1.38,-0.5902564051823739,481,539,58,623,624.0,4.0,,,season_batting_stats.war,False
669004,MJ Melendez,batter,-1.38,-0.5404659991273231,481,529,48,1065,1073.0,,,,season_batting_stats.war,False
668731,Akil Baddoo,batter,-1.38,0.4777220841963905,481,330,-151,432,439.0,,,,season_batting_stats.war,False
596117,Garrett Stubbs,batter,-1.4,0.2258974289855896,484,366,-118,311,312.0,4.0,,,season_batting_stats.war,False
624431,Jose Trevino,batter,-1.42,0.5663390730757092,485,318,-167,402,407.0,2.0,,,season_batting_stats.war,False
663368,Blake Perkins,batter,-1.42,1.69518030236979,485,178,-307,607,610.0,,,,season_batting_stats.war,False
656577,Alex Jackson,batter,-1.43,-0.4399999976158142,487,514,27,154,155.0,,,,season_batting_stats.war,False
642731,Thairo Estrada,batter,-1.45,1.201152596790364,488,232,-256,903,911.0,,,,season_batting_stats.war,False
693049,Oscar Colás,batter,-1.47,-1.2693688040011348,489,568,79,290,301.0,,,,season_batting_stats.war,False
680779,Henry Davis,batter,-1.47,-1.2052254752708051,489,565,76,374,377.0,,,,season_batting_stats.war,False
607680,Kevin Pillar,batter,-1.48,0.18045541614407154,491,375,-116,526,527.0,,,,season_batting_stats.war,False
676701,Alan Trejo,batter,-1.49,-0.11370748002715662,492,444,-48,291,294.0,2.0,,,season_batting_stats.war,False
553882,Omar Narváez,batter,-1.49,-0.3663720963306205,492,501,9,207,215.0,,,,season_batting_stats.war,False
606992,Eric Haase,batter,-1.49,-0.5860220882115443,492,538,46,355,362.0,,,,season_batting_stats.war,False
664874,Seby Zavala,batter,-1.5,-0.24275424287228262,495,476,-19,233,236.0,0.20000000298023224,,,season_batting_stats.war,False
642133,Rowdy Tellez,batter,-1.51,-0.46641191666453613,496,517,21,762,772.0,3.200000047683716,,,season_batting_stats.war,False
669289,Santiago Espinal,batter,-1.51,-0.12324573650057939,496,446,-50,639,647.0,,,,season_batting_stats.war,False
686668,Brenton Doyle,batter,-1.53,2.601179811836903,498,98,-400,1023,1034.0,,,,season_batting_stats.war,False
595909,Jake Cave,batter,-1.53,-0.5634057971014492,498,535,37,543,552.0,,,,season_batting_stats.war,False
643396,Isiah Kiner-Falefa,batter,-1.54,2.0319719736311095,500,143,-357,851,857.0,6.0,,,season_batting_stats.war,False
671289,Tyler Freeman,batter,-1.55,0.5141197810804778,501,325,-176,545,551.0,,,,season_batting_stats.war,False
670032,Nicky Lopez,batter,-1.56,0.7236916394601279,502,286,-216,695,707.0,2.0999999046325684,,,season_batting_stats.war,False
518934,DJ LeMahieu,batter,-1.56,0.48612655386140075,502,329,-173,782,790.0,,,,season_batting_stats.war,False
542194,Christian Bethancourt,batter,-1.56,0.5717954168364499,502,316,-186,472,479.0,0.10000000149011612,,,season_batting_stats.war,False
669477,Casey Schmitt,batter,-1.57,-0.25035898012992663,505,477,-28,387,390.0,,,,season_batting_stats.war,False
666150,Dominic Fletcher,batter,-1.58,-0.0458600531514115,506,429,-77,337,343.0,,,,season_batting_stats.war,False
666163,Ben Rortvedt,batter,-1.59,0.6784275063205996,507,298,-209,405,407.0,2.0,,,season_batting_stats.war,False
643217,Andrew Benintendi,batter,-1.59,-0.18259841062891202,507,459,-48,1124,1143.0,,,,season_batting_stats.war,False
543939,Kolten Wong,batter,-1.62,-0.7400000095367432,509,548,39,244,254.0,,,,season_batting_stats.war,False
677587,Brayan Rocchio,batter,-1.63,1.6502998720729687,510,185,-325,562,567.0,,,,season_batting_stats.war,False
516416,Jean Segura,batter,-1.63,-2.0899999141693115,510,574,64,311,326.0,,,,season_batting_stats.war,False
672279,Michael Siani,batter,-1.63,0.8005882282467449,510,279,-231,327,340.0,,,,season_batting_stats.war,False
676609,José Caballero,batter,-1.66,1.9255963498299276,513,152,-361,756,763.0,,,,season_batting_stats.war,False
621512,Tomás Nido,batter,-1.69,-0.5031840866477928,514,524,10,194,201.0,,,,season_batting_stats.war,False
679032,Johan Rojas,batter,-1.7,1.2208650059559767,515,228,-287,561,578.0,,,,season_batting_stats.war,False
622534,Manuel Margot,batter,-1.7,-0.13500002026557922,515,451,-64,678,686.0,,,,season_batting_stats.war,False
622761,Jorge Mateo,batter,-1.71,0.796305521660969,517,280,-237,551,563.0,,,,season_batting_stats.war,False
678225,Ji Hwan Bae,batter,-1.71,-0.43745574157322403,517,513,-4,443,452.0,,,,season_batting_stats.war,False
667452,Corey Julks,batter,-1.74,-0.22525389946531504,519,471,-48,507,512.0,,,,season_batting_stats.war,False
683146,Brett Baty,batter,-1.75,-0.3885357081890106,520,506,-14,557,560.0,,,,season_batting_stats.war,False
643393,Tony Kemp,batter,-1.77,-1.1852914126880796,521,564,43,416,429.0,,,,season_batting_stats.war,False
672356,Gabriel Arias,batter,-1.78,-0.25727272778749466,522,479,-43,506,506.0,,,,season_batting_stats.war,False
605131,Austin Barnes,batter,-1.78,-0.3015125939826004,522,488,-34,354,357.0,,,,season_batting_stats.war,False
624503,Nick Gordon,batter,-1.78,-1.2289401746314506,522,567,45,363,368.0,,,,season_batting_stats.war,False
668670,Jake Rogers,batter,-1.78,0.8747730398604434,522,268,-254,720,727.0,,,,season_batting_stats.war,False
660644,Vidal Bruján,batter,-1.79,0.4018784583602821,526,339,-187,355,362.0,1.2000000476837158,,,season_batting_stats.war,False
650559,Bryan De La Cruz,batter,-1.81,-0.9030278896905511,527,554,27,1247,1255.0,,,,season_batting_stats.war,False
664913,Seth Brown,batter,-1.82,-0.13272492568413213,528,450,-78,770,778.0,,,,season_batting_stats.war,False
664702,Myles Straw,batter,-1.82,0.9219540301068075,528,259,-269,504,522.0,,,,season_batting_stats.war,False
547989,José Abreu,batter,-1.84,-0.34354331760894596,530,496,-34,750,762.0,,,,season_batting_stats.war,False
662139,Daulton Varsho,batter,-1.85,4.165875831007087,531,31,-500,1085,1096.0,,,,season_batting_stats.war,False
543063,Brandon Crawford,batter,-1.88,-1.0419999986886979,532,560,28,393,400.0,2.0999999046325684,,,season_batting_stats.war,False
545121,Ildemaro Vargas,batter,-1.89,0.12181662420263112,533,391,-142,579,589.0,4.0,,,season_batting_stats.war,False
664728,Kyle Isbel,batter,-1.93,1.9982804249203394,534,147,-387,742,756.0,,,,season_batting_stats.war,False
649557,Aledmys Díaz,batter,-1.97,-0.9904232520275015,535,558,23,369,378.0,,,,season_batting_stats.war,False
668942,Josh Rojas,batter,-1.98,1.444745711350845,536,212,-324,814,826.0,4.0,,,season_batting_stats.war,False
665926,Andrés Giménez,batter,-1.98,4.482226528059706,536,24,-512,1268,1289.0,,,,season_batting_stats.war,False
676694,Jake Meyers,batter,-1.99,1.498130842904064,538,199,-339,844,856.0,,,,season_batting_stats.war,False
656716,Zach McKinstry,batter,-2.02,1.1104695021826336,539,243,-296,844,852.0,3.0,,,season_batting_stats.war,False
689172,Brett Wisely,batter,-2.02,0.23146401216315277,539,364,-175,397,403.0,1.0,,,season_batting_stats.war,False
665750,Leody Taveras,batter,-2.03,1.9234000396728517,541,154,-387,1135,1150.0,,,,season_batting_stats.war,False
607054,Jace Peterson,batter,-2.05,-0.5351091435903025,542,528,-14,450,458.0,2.0,,,season_batting_stats.war,False
606115,Orlando Arcia,batter,-2.06,1.0883116918208795,543,244,-299,1142,1155.0,,,,season_batting_stats.war,False
621563,Joey Wendle,batter,-2.09,-0.34394366596366316,544,497,-47,349,355.0,,,,season_batting_stats.war,False
672820,Lenyn Sosa,batter,-2.09,-0.5597970467541931,544,533,-11,534,542.0,,,,season_batting_stats.war,False
666185,Dylan Carlson,batter,-2.12,-0.37557690705244356,546,505,-41,520,520.0,,,,season_batting_stats.war,False
678246,Miguel Vargas,batter,-2.13,-0.2886506525073166,547,481,-66,531,541.0,,,,season_batting_stats.war,False
572191,Michael Taylor,batter,-2.13,1.4440170974812956,547,213,-334,689,702.0,,,,season_batting_stats.war,False
642350,José Siri,batter,-2.14,1.7499386622130506,549,171,-378,806,815.0,,,,season_batting_stats.war,False
571771,Enrique Hernández,batter,-2.15,0.5409316866201643,550,321,-229,959,966.0,4.099999904632568,,,season_batting_stats.war,False
571745,Mitch Haniger,batter,-2.16,-0.23351227076141381,551,474,-77,651,652.0,,,,season_batting_stats.war,False
595956,Cam Gallagher,batter,-2.17,-1.1399999856948853,552,562,10,149,149.0,,,,season_batting_stats.war,False
624428,Adam Frazier,batter,-2.19,1.1978071572522349,553,234,-319,744,757.0,,,,season_batting_stats.war,False
665828,Oswaldo Cabrera,batter,-2.35,-0.05962411263831576,554,433,-121,653,665.0,0.10000000149011612,,,season_batting_stats.war,False
592696,Eddie Rosario,batter,-2.41,0.131615229711963,555,386,-169,838,842.0,,,,season_batting_stats.war,False
657557,Paul DeJong,batter,-2.43,0.2696144951173778,556,359,-197,882,882.0,,,,season_batting_stats.war,False
683011,Anthony Volpe,batter,-2.47,3.383076358141945,557,59,-498,1338,1349.0,,,,season_batting_stats.war,False
605113,Nick Ahmed,batter,-2.5,-0.31726027188235767,558,492,-66,427,438.0,,,,season_batting_stats.war,False
657757,Gavin Sheets,batter,-2.57,-1.1831952856842582,559,563,4,835,845.0,,,,season_batting_stats.war,False
669397,Nick Allen,batter,-2.67,0.16935484423752753,560,379,-181,423,434.0,,,,season_batting_stats.war,False
641680,Jonah Heim,batter,-2.68,2.2909124721812395,561,122,-439,1051,1063.0,,,,season_batting_stats.war,False
664056,Harrison Bader,batter,-2.69,0.7293670977218242,562,285,-277,785,790.0,,,,season_batting_stats.war,False
670764,Taylor Walls,batter,-2.76,1.7416639198384922,563,172,-391,605,607.0,,,,season_batting_stats.war,False
686676,Korey Lee,batter,-2.78,-0.07956896373873641,564,437,-127,462,464.0,,,,season_batting_stats.war,False
672275,Patrick Bailey,batter,-2.81,1.3377777768878008,565,222,-343,796,801.0,,,,season_batting_stats.war,False
668930,Brice Turang,batter,-2.92,3.401835922605437,566,56,-510,1066,1084.0,,,,season_batting_stats.war,False
660688,Keibert Ruiz,batter,-2.97,1.0008882499925273,567,255,-312,1039,1047.0,,,,season_batting_stats.war,False
543877,Christian Vázquez,batter,-3.0,-0.2994776139063622,568,486,-82,657,670.0,,,,season_batting_stats.war,False
672580,Maikel García,batter,-3.15,1.250721609776782,569,225,-344,1156,1164.0,,,,season_batting_stats.war,False
663743,Nick Fortes,batter,-3.21,-0.031136360132333004,570,424,-146,645,660.0,,,,season_batting_stats.war,False
595978,Austin Hedges,batter,-3.39,-0.889812352190708,571,553,-18,356,373.0,5.199999809265137,,,season_batting_stats.war,False
455117,Martín Maldonado,batter,-3.66,-0.08749999850988388,572,438,-134,565,588.0,1.0,,,season_batting_stats.war,False
595879,Javier Báez,batter,-4.1,0.11244022026301571,573,397,-176,825,836.0,,,,season_batting_stats.war,False
641313,Tim Anderson,batter,-4.8,-1.6345359451630537,574,573,-1,753,765.0,,,,season_batting_stats.war,False
